KD0001;KK0001;BD00001;RISET DASAR (Ekonomi, Sosial, dan Humaniora);YA
KD0002;KK0001;BD00002;RISET DASAR (Rekayasa);YA
KD0003;KK0001;BD00003;RISET DASAR (Pertanian, Peternakan, dan Pangan);YA
KD0004;KK0001;BD00004;Karya Inovasi dan Kreativitas Mahasiswa (KIMA);YA
KD0005;KK0001;BD00001;Riset Inovasi dan Penerapan Ipteks (RISTI - Ekonomi, Sosial, dan Humaniora);YA
KD0006;KK0001;BD00002;Riset Inovasi dan Penerapan Ipteks (RISTI - Rekayasa);YA
KD0007;KK0001;BD00003;Riset Inovasi dan Penerapan Ipteks (RISTI - Pertanian, Peternakan, dan Pangan);YA
KD0008;KK0001;BD00001;Riset Unggulan Keilmuan (RUK - Ekonomi, Sosial, dan Humaniora);YA
KD0009;KK0001;BD00002;Riset Unggulan Keilmuan (RUK - Rekayasa);YA
KD0010;KK0001;BD00003;Riset Unggulan Keilmuan (RUK - Pertanian, Peternakan, dan Pangan);YA
KD0011;KK0001;BD00001;Kajian Kebijakan Insititusi (KKI - Ekonomi, Sosial, dan Humaniora);YA
KD0012;KK0001;BD00002;Kajian Kebijakan Insititusi (KKI - Rekayasa);YA
KD0013;KK0001;BD00003;Kajian Kebijakan Insititusi (KKI - Pertanian, Peternakan, dan Pangan);YA
KD0014;KK0001;BD00001;Kajian Kebijakan Khusus (K3 - Ekonomi, Sosial, dan Humaniora);YA
KD0015;KK0001;BD00002;Kajian Kebijakan Khusus (K3 - Rekayasa);YA
KD0016;KK0001;BD00003;Kajian Kebijakan Khusus (K3 - Pertanian, Peternakan, dan Pangan);YA
KD0017;KK0001;BD00001;Riset Disertasi Doktor (RISDOK - Ekonomi, Sosial, dan Humaniora);YA
KD0018;KK0001;BD00002;Riset Disertasi Doktor (RISDOK - Rekayasa);YA
KD0019;KK0001;BD00003;Riset Disertasi Doktor (RISDOK - Pertanian, Peternakan, dan Pangan);YA
KD0020;KK0002;BD00004;Kuliah Kerja Nyata Tematik (KKN-Tematik);YA
KD0021;KK0002;BD00004;Penerapan Hasil Riset bagi Masyarakat (RIMA);YA
KD0022;KK0001;BD00001;Pemanfaatan Ipteks bagi Masyarakat (PIKAT - Ekonomi, Sosial, dan Humaniora) ;YA
KD0023;KK0001;BD00001;Pemanfaatan Ipteks bagi Masyarakat (PIKAT - Rekayasa) ;YA
KD0024;KK0001;BD00001;Pemanfaatan Ipteks bagi Masyarakat (PIKAT - Pertanian, Peternakan, dan Pangan) ;YA
KD0025;KK0001;BD00001;Penguatan Kelembagaan Berbasis Teknologi Informasi (PEKERTI - Ekonomi, Sosial, dan Humaniora);YA
KD0026;KK0001;BD00002;Penguatan Kelembagaan Berbasis Teknologi Informasi (PEKERTI -Rekayasa);YA
KD0027;KK0001;BD00003;Penguatan Kelembagaan Berbasis Teknologi Informasi (PEKERTI - Pertanian, Peternakan, dan Pangan);YA
KD0028;KK0001;BD00001;Penanaman Karakter Bela Negara (PKBN - Ekonomi, Sosial, dan Humaniora);YA
KD0029;KK0001;BD00002;Penanaman Karakter Bela Negara (PKBN - Rekayasa);YA
KD0030;KK0001;BD00003;Penanaman Karakter Bela Negara (PKBN - Pertanian, Peternakan, dan Pangan);YA
